City,Lat,Lng,Max Temp,Humidity,Cloudiness,Wind Speed,Country,Date
barrow,71.2906,-156.7887,-9.4,70,40,6.91,US,1616211738
east london,-33.0153,27.9116,70.92,89,94,5.59,ZA,1616211739
dunedin,-45.8742,170.5036,64.99,58,39,5.01,NZ,1616211740
sitka,57.0531,-135.33,32.0,74,75,4.61,US,1616211740
port alfred,-33.5906,26.891,69.69,93,95,14.12,ZA,1616211741
hobart,-42.8794,147.3294,73.99,43,20,11.5,AU,1616211619
bredasdorp,-34.5322,20.0403,62.6,94,98,4.61,ZA,1616211743
rikitea,-23.1203,-134.9692,80.44,78,88,7.9,PF,1616211744
ilulissat,69.2167,-51.1,19.4,45,40,14.97,GL,1616211744
pochutla,15.7432,-96.4661,79.0,71,0,3.11,MX,1616211745
phalaborwa,-23.943,31.1411,69.8,100,15,4.61,ZA,1616211746
kondagaon,19.6,81.6667,87.4,31,12,3.87,IN,1616211669
batemans bay,-35.7167,150.1833,70.0,90,100,5.01,AU,1616211747
butaritari,3.0707,172.7902,82.4,76,3,16.87,KI,1616211748
port elizabeth,-33.918,25.5701,68.0,83,90,4.61,ZA,1616211749
saint-augustin,51.226,-58.6502,5.49,82,99,13.33,CA,1616211750
lavrentiya,65.5833,-171.0,-9.51,90,25,8.14,RU,1616211750
debre tabor,11.85,38.0167,53.64,41,1,5.1,ET,1616211751
salalah,17.0151,54.0924,71.6,37,0,1.14,OM,1616211752
flinders,-34.5833,150.8552,71.01,94,100,3.0,AU,1616211753
northam,51.0333,-4.2167,45.0,90,57,2.28,GB,1616211753
guerrero negro,27.9769,-114.0611,59.72,77,0,11.18,MX,1616211754
dingle,10.9995,122.6711,88.54,62,50,10.69,PH,1616211755
narsaq,60.9167,-46.05,32.0,86,90,9.22,GL,1616211755
kodiak,57.79,-152.4072,33.8,37,90,6.29,US,1616211703
tasiilaq,65.6145,-37.6368,23.0,68,75,2.3,GL,1616211757
puerto ayora,-0.7393,-90.3518,78.01,94,93,1.01,EC,1616211758
luena,-11.7833,19.9167,63.55,97,100,3.51,AO,1616211759
avarua,-21.2078,-159.775,82.4,74,40,9.22,CK,1616211759
albany,42.6001,-73.9662,30.99,52,0,3.0,US,1616211760
ushuaia,-54.8,-68.3,41.0,75,90,26.46,AR,1616211600
cidreira,-30.1811,-50.2056,73.62,78,32,20.27,BR,1616211761
tekkali,18.6167,84.2333,90.07,29,64,4.9,IN,1616211762
busselton,-33.65,115.3333,91.0,26,89,4.0,AU,1616211763
indian head,38.6001,-77.1622,41.0,28,1,3.44,US,1616211764
atuona,-9.8,-139.0333,80.2,73,99,11.65,PF,1616211765
airai,-8.9266,125.4092,73.63,70,33,3.65,TL,1616211765
puerto baquerizo moreno,-0.9,-89.6,79.03,80,93,7.43,EC,1616211766
rocha,-34.4833,-54.3333,62.73,81,98,8.37,UY,1616211767
luderitz,-26.6481,15.1594,63.32,78,44,22.59,NA,1616211768
san isidro,-12.1167,-77.05,73.0,83,0,8.05,PE,1616211768
thompson,55.7435,-97.8558,41.0,60,75,8.05,CA,1616211769
husavik,66.0449,-17.3389,39.2,48,90,9.22,IS,1616211770
cape town,-33.9258,18.4232,66.0,77,20,21.85,ZA,1616211716
lebu,-37.6167,-73.65,53.58,85,69,10.89,CL,1616211771
pevek,69.7008,170.3133,-13.05,87,100,1.32,RU,1616211772
trani,41.2727,16.4154,43.0,93,40,4.61,IT,1616211772
moyeuvre-grande,49.2517,6.0475,28.99,91,11,6.11,FR,1616211774
upernavik,72.7868,-56.1549,8.92,66,100,7.25,GL,1616211774
terrace bay,48.7834,-87.1,35.6,64,0,6.91,CA,1616211776
baglung,28.2719,83.5898,80.73,16,63,3.6,NP,1616211777
port keats,-14.25,129.55,87.22,66,60,7.14,AU,1616211778
kapaa,22.0752,-159.319,71.6,73,75,21.85,US,1616211778
katsuura,35.1333,140.3,60.8,63,75,6.91,JP,1616211779
dikson,73.5069,80.5464,-24.18,89,99,14.76,RU,1616211780
severo-kurilsk,50.6789,156.125,27.36,85,100,21.88,RU,1616211781
arraial do cabo,-22.9661,-42.0278,76.35,89,0,17.07,BR,1616211782
kieta,-6.2167,155.6333,85.32,69,99,2.91,PG,1616211783
leningradskiy,69.3833,178.4167,-13.18,88,100,3.53,RU,1616211784
debre birhan,9.6833,39.5333,45.88,60,3,5.99,ET,1616211784
tuktoyaktuk,69.4541,-133.0374,-18.4,83,20,9.22,CA,1616211785
kaitangata,-46.2817,169.8464,60.01,83,100,7.0,NZ,1616211786
charters towers,-20.1,146.2667,88.18,33,98,11.7,AU,1616211787
liberal,37.0431,-100.921,44.6,65,1,11.5,US,1616211788
teya,60.3778,92.6267,27.01,88,100,10.96,RU,1616211789
faya,18.3851,42.4509,55.4,71,0,2.17,SA,1616211790
honningsvag,70.9821,25.9704,32.58,87,100,30.69,NO,1616211791
brae,60.3964,-1.353,44.6,93,90,19.57,GB,1616211791
hermanus,-34.4187,19.2345,63.0,89,100,11.03,ZA,1616211790
portland,45.5234,-122.6762,46.99,78,84,4.0,US,1616211793
half moon bay,37.4636,-122.4286,51.01,100,90,3.44,US,1616211793
new norfolk,-42.7826,147.0587,75.0,41,59,1.01,AU,1616211794
punta arenas,-53.15,-70.9167,41.0,87,20,28.77,CL,1616211739
el tocuyo,9.7873,-69.7937,69.8,89,80,2.44,VE,1616211795
mataura,-46.1927,168.8643,59.0,86,100,7.0,NZ,1616211797
banff,51.1762,-115.5698,37.4,64,15,3.44,CA,1616211797
faanui,-16.4833,-151.75,83.07,67,3,7.4,PF,1616211798
iqaluit,63.7506,-68.5145,-20.0,63,20,19.57,CA,1616211799
lorengau,-2.0226,147.2712,86.11,66,85,4.72,PG,1616211799
hithadhoo,-0.6,73.0833,82.74,72,100,10.27,MV,1616211800
kavieng,-2.5744,150.7967,85.96,67,44,7.23,PG,1616211801
riyadh,24.6877,46.7219,68.0,28,0,4.61,SA,1616211727
ribeira grande,38.5167,-28.7,60.3,88,100,20.22,PT,1616211802
karpogory,64.0019,44.4451,-2.02,96,13,2.86,RU,1616211803
hamilton,39.1834,-84.5333,37.99,67,0,7.85,US,1616211634
natal,-5.795,-35.2094,80.6,78,75,8.05,BR,1616211804
la victoria,10.2184,-67.3302,82.4,78,75,4.61,VE,1616211805
praia da vitoria,38.7333,-27.0667,59.0,88,40,8.08,PT,1616211805
san quintin,30.4833,-115.95,60.42,79,0,14.2,MX,1616211806
didwana,27.4,74.5667,84.0,16,0,2.33,IN,1616211807
yakeshi,49.2833,120.7333,26.19,90,100,6.15,CN,1616211808
bluff,-46.6,168.3333,59.0,86,96,7.0,NZ,1616211808
fernandina beach,30.6697,-81.4626,57.99,88,90,21.85,US,1616211809
surman,32.7567,12.5716,61.21,62,22,8.84,LY,1616211810
montepuez,-13.1256,38.9997,68.41,98,78,1.57,MZ,1616211811
tiksi,71.6872,128.8694,-21.03,91,100,10.89,RU,1616211812
santa isabel do rio negro,-0.4139,-65.0192,73.49,96,46,0.56,BR,1616211812
qandala,11.472,49.8728,78.62,46,0,5.03,SO,1616211813
hobyo,5.3505,48.5268,81.34,74,44,15.93,SO,1616211814
provideniya,64.3833,-173.3,-4.11,90,100,17.85,RU,1616211815
codrington,-38.2667,141.9667,78.84,46,15,12.91,AU,1616211815
xai-xai,-25.0519,33.6442,71.44,93,0,3.49,MZ,1616211816
hasaki,35.7333,140.8333,63.0,63,75,6.91,JP,1616211817
yumen,40.2833,97.2,32.54,22,41,12.41,CN,1616211817
strezhevoy,60.7333,77.5889,26.6,59,0,8.95,RU,1616211818
sao joao da barra,-21.6403,-41.0511,75.72,90,0,10.49,BR,1616211819
klang,3.0333,101.45,91.99,62,20,4.61,MY,1616211747
stadthagen,52.3233,9.2031,28.0,86,21,1.14,DE,1616211820
tokur,53.1333,132.9,23.18,70,61,3.22,RU,1616211821
souillac,-20.5167,57.5167,78.8,78,75,9.22,MU,1616211822
caravelas,-17.7125,-39.2481,75.15,88,77,3.62,BR,1616211823
carnarvon,-24.8667,113.6333,91.4,49,0,14.97,AU,1616211824
zachepylivka,49.1939,35.2394,31.68,95,100,4.18,UA,1616211824
mar del plata,-38.0023,-57.5575,64.0,67,99,10.0,AR,1616211693
norman wells,65.282,-126.8329,-0.4,65,90,13.8,CA,1616211826
lata,40.1629,-8.3327,52.0,69,0,11.99,PT,1616211827
vaini,-21.2,-175.2,86.0,74,75,6.91,TO,1616211827
vestmannaeyjar,63.4427,-20.2734,38.71,76,100,25.21,IS,1616211829
solnechnyy,50.7214,136.6319,30.36,78,86,6.78,RU,1616211829
kontagora,10.3999,5.4695,76.78,57,80,3.62,NG,1616211830
nikolskoye,59.7035,30.7861,14.0,79,0,4.47,RU,1616211831
khatanga,71.9667,102.5,-25.33,95,100,7.74,RU,1616211832
san patricio,28.017,-97.5169,55.4,62,20,4.61,US,1616211832
hashtrud,37.4779,47.0508,34.41,81,0,8.39,IR,1616211833
gumrak,48.7826,44.3824,32.0,80,75,8.95,RU,1616211834
muros,42.7762,-9.0603,46.99,68,1,14.32,ES,1616211835
neuquen,-38.9516,-68.0591,64.4,45,0,2.3,AR,1616211622
kungurtug,50.5994,97.5228,19.15,66,13,1.54,RU,1616211837
bambous virieux,-20.3428,57.7575,78.8,78,75,9.22,MU,1616211837
iberia,29.9502,-91.7507,52.0,66,90,13.8,US,1616211670
maniitsoq,65.4167,-52.9,22.14,66,100,13.56,GL,1616211839
paamiut,61.994,-49.6678,30.6,84,82,28.68,GL,1616211840
macau,22.2006,113.5461,80.6,78,20,5.75,MO,1616211841
torbay,47.6666,-52.7314,41.0,100,90,10.36,CA,1616211841
la rioja,42.25,-2.5,39.2,75,75,8.05,ES,1616211842
inverness,57.4791,-4.224,42.01,93,20,8.05,GB,1616211843
bethel,41.3712,-73.414,35.6,32,1,5.75,US,1616211843
hualmay,-11.0964,-77.6139,70.63,76,100,7.92,PE,1616211844
marawi,7.9986,124.2928,82.99,81,98,7.0,PH,1616211845
atasu,48.6814,71.6433,30.4,90,100,11.88,KZ,1616211846
tacoronte,28.4769,-16.4102,61.0,82,90,17.27,ES,1616211846
lyuban,52.7985,28.0048,27.37,95,100,3.49,BY,1616211847
prudentopolis,-25.2131,-50.9778,63.59,99,83,2.48,BR,1616211848
ambulu,-8.345,113.6058,81.45,80,100,5.73,ID,1616211848
sambava,-14.2667,50.1667,77.63,83,40,8.41,MG,1616211748
lompoc,34.6391,-120.4579,55.4,88,90,7.11,US,1616211674
jamestown,42.097,-79.2353,26.6,50,1,2.08,US,1616211850
kapoeta,4.7717,33.5903,73.71,79,100,8.19,SS,1616211851
namatanai,-3.6667,152.4333,84.92,68,97,5.44,PG,1616211852
ucluelet,48.9329,-125.5528,42.01,89,100,10.54,CA,1616211616
svetlogorsk,52.6333,29.7333,26.19,82,5,3.44,BY,1616211853
port macquarie,-31.4333,152.9167,75.2,83,75,17.27,AU,1616211854
masuguru,-11.3667,38.4167,72.1,96,33,0.56,TZ,1616211855
buraydah,26.326,43.975,60.8,41,0,4.61,SA,1616211855
ponta do sol,32.6667,-17.1,57.2,67,40,5.75,PT,1616211856
chokurdakh,70.6333,147.9167,-9.27,92,97,8.68,RU,1616211857
rio gallegos,-51.6226,-69.2181,48.2,53,0,32.21,AR,1616211858
tieli,46.95,128.05,35.69,65,100,11.99,CN,1616211858
vasto,42.1243,14.7059,39.99,64,100,1.99,IT,1616211859
kahului,20.8947,-156.47,75.2,60,40,21.85,US,1616211660
kirov,58.5966,49.6601,16.21,94,99,9.19,RU,1616211860
kavaratti,10.5669,72.642,83.43,67,8,8.25,IN,1616211861
acapulco,16.8634,-99.8901,78.8,83,1,5.75,MX,1616211632
qaanaaq,77.484,-69.3632,-5.51,98,100,4.61,GL,1616211863
sandnessjoen,66.0217,12.6316,41.0,100,90,6.91,NO,1616211863
mengcheng,33.2579,116.5655,52.32,68,83,9.04,CN,1616211865
harrison,30.4091,-89.0436,55.4,67,90,5.75,US,1616211866
flin flon,54.7682,-101.865,36.91,92,100,8.21,CA,1616211867
veshenskaya,49.6303,41.7334,30.43,88,100,4.72,RU,1616211867
nanortalik,60.1432,-45.2371,33.48,98,100,14.12,GL,1616211869
esperance,-33.8667,121.9,84.2,32,0,11.5,AU,1616211870
rovaniemi,66.5,25.7167,21.2,93,90,12.66,FI,1616211871
palafrugell,41.9174,3.1631,46.0,56,0,13.8,ES,1616211872
porto novo,6.4965,2.6036,82.4,83,40,6.91,BJ,1616211872
clyde river,70.4692,-68.5914,-16.6,76,1,5.75,CA,1616211873
qaqortoq,60.7167,-46.0333,32.0,86,90,9.22,GL,1616211874
highland,34.1283,-117.2086,64.4,55,1,9.22,US,1616211874
bengkulu,-3.8004,102.2655,85.73,62,95,4.0,ID,1616211875
allende,25.2833,-100.0167,64.99,29,1,4.61,MX,1616211876
anandpur sahib,31.25,76.5,64.4,55,0,2.86,IN,1616211877
kaifeng,34.7911,114.3483,55.4,54,99,13.42,CN,1616211877
asyut,27.181,31.1837,65.08,28,6,7.58,EG,1616211737
price,39.5994,-110.8107,51.8,35,75,6.91,US,1616211879
el rosario,24.2556,-107.1828,66.2,63,1,3.44,MX,1616211880
tocopilla,-22.092,-70.1979,66.38,77,35,4.83,CL,1616211880
fatehpur,25.9333,80.8,87.6,28,0,8.99,IN,1616211881
amahai,-3.3333,128.9167,88.03,64,68,5.66,ID,1616211882
atar,20.5169,-13.0499,67.28,23,0,13.87,MR,1616211882
porbandar,21.6422,69.6093,80.62,56,0,8.3,IN,1616211883
grand-bourg,15.8835,-61.3148,73.4,88,0,3.44,GP,1616211884
korla,41.7597,86.1469,42.12,56,18,8.43,CN,1616211885
solton,52.8429,86.4787,27.68,75,36,4.99,RU,1616211885
geraldton,-28.7667,114.6,100.4,35,0,16.11,AU,1616211886
koulikoro,14.0,-7.75,76.82,17,75,3.58,ML,1616211887
gorodishche,48.8045,44.4744,32.0,80,75,8.95,RU,1616211888
orumiyeh,37.5527,45.0761,30.2,64,0,2.3,IR,1616211888
yellowknife,62.456,-114.3525,15.01,85,90,14.97,CA,1616211848
inirida,3.8653,-67.9239,76.44,79,85,1.63,CO,1616211889
belaya gora,68.5333,146.4167,-1.79,80,99,6.58,RU,1616211890
bathurst,-33.4166,149.5806,72.0,70,95,4.0,AU,1616211891
victoria,22.2855,114.1577,80.6,65,20,8.05,HK,1616211892
naifaru,5.4444,73.3657,82.31,72,42,7.96,MV,1616211892
arcata,40.8665,-124.0828,46.99,87,75,6.91,US,1616211893
skoczow,49.8009,18.7877,26.01,100,97,7.83,PL,1616211894
bathsheba,13.2167,-59.5167,77.0,61,40,12.66,BB,1616211894
ahipara,-35.1667,173.1667,65.57,64,60,9.06,NZ,1616211895
loa janan,-0.583,117.095,86.04,73,98,1.88,ID,1616211896
zanzibar,-6.1639,39.1979,78.8,89,20,0.56,TZ,1616211897
droitwich,52.2667,-2.15,46.99,94,100,2.28,GB,1616211898
amapa,1.0,-52.0,70.84,99,100,2.06,BR,1616211899
saint george,37.1041,-113.5841,64.99,34,1,6.22,US,1616211900
vila franca do campo,37.7167,-25.4333,55.4,82,20,5.75,PT,1616211900
krosno odrzanskie,52.0549,15.0988,21.99,44,16,5.08,PL,1616211901
dalianwan,39.0286,121.695,39.2,87,75,8.95,CN,1616211858
susangerd,31.5608,48.1831,59.0,47,0,4.61,IR,1616211902
nedjo,9.5046,35.5019,61.68,77,43,2.62,ET,1616211903
georgetown,5.4112,100.3354,87.8,51,20,5.75,MY,1616211904
sinnamary,5.3833,-52.95,75.87,83,53,6.42,GF,1616211905
mahebourg,-20.4081,57.7,78.8,78,75,9.22,MU,1616211905
pacific grove,36.6177,-121.9166,53.6,71,40,5.75,US,1616211822
puerto escondido,15.85,-97.0667,80.6,74,1,3.44,MX,1616211907
hami,42.8,93.45,40.28,17,0,9.04,CN,1616211907
cortez,37.3489,-108.5859,42.8,49,1,5.75,US,1616211908
surt,31.2089,16.5887,62.4,75,0,9.86,LY,1616211624
san giuseppe jato,37.9734,13.1881,50.0,93,90,3.44,IT,1616211909
deputatskiy,69.3,139.9,1.67,91,100,1.66,RU,1616211910
rongcheng,30.634,117.8517,48.51,87,100,5.57,CN,1616211911
popondetta,-8.7537,148.2534,90.27,54,4,7.29,PG,1616211911
maunabo,18.0072,-65.8993,75.99,85,6,11.12,PR,1616211912
calama,-22.4667,-68.9333,55.4,41,0,8.05,CL,1616211847
berdigestyakh,62.0989,126.6992,22.3,85,100,6.53,RU,1616211913
mocuba,-16.8392,36.9856,71.69,98,98,0.94,MZ,1616211914
saint-denis,48.9167,2.3333,37.99,93,1,8.05,FR,1616211915
cherskiy,68.75,161.3,-14.1,87,9,2.44,RU,1616211915
karratha,-20.7377,116.8463,86.36,41,0,23.06,AU,1616211916
mujiayingzi,42.1167,118.7833,44.35,44,52,13.35,CN,1616211917
nueva loja,0.0847,-76.8828,71.02,96,93,2.51,EC,1616211917
ostrovnoy,68.0531,39.5131,16.47,84,100,30.04,RU,1616211918
saskylakh,71.9167,114.0833,-25.56,96,100,7.45,RU,1616211919
clonakilty,51.6231,-8.8706,46.99,93,75,1.14,IE,1616211920
yar-sale,66.8333,70.8333,-18.67,95,71,11.03,RU,1616211920
pec,42.6591,20.2883,33.8,80,40,9.22,XK,1616211921
pisco,-13.7,-76.2167,71.6,73,0,9.22,PE,1616211888
port lincoln,-34.7333,135.8667,77.16,53,0,14.47,AU,1616211922
chililabombwe,-12.3648,27.8229,61.86,97,98,2.8,ZM,1616211923
prince rupert,54.3161,-130.3201,37.4,87,90,9.22,CA,1616211907
martapura,-3.4167,114.85,82.4,78,40,6.91,ID,1616211924
coihaique,-45.5752,-72.0662,47.59,97,100,6.67,CL,1616211925
busko-zdroj,50.4708,20.7188,28.0,1,91,9.1,PL,1616211926
hambantota,6.1241,81.1185,77.0,100,75,1.14,LK,1616211927
zogno,45.7919,9.6562,36.0,75,0,3.44,IT,1616211927
anchorage,61.2181,-149.9003,19.4,38,1,3.44,US,1616211710
mkokotoni,-5.8767,39.2547,78.8,89,20,1.21,TZ,1616211929
skibbereen,51.55,-9.2667,46.4,93,75,1.14,IE,1616211930
huambo,-12.7761,15.7392,60.37,96,100,2.91,AO,1616211931
bowen,-20.0167,148.2333,84.2,70,90,13.8,AU,1616211931
abu samrah,35.3029,37.1841,46.94,78,75,4.79,SY,1616211932
baykit,61.67,96.37,28.15,83,99,14.99,RU,1616211933
nemuro,43.3236,145.575,33.8,44,20,3.44,JP,1616211933
lufilufi,-13.8745,-171.5986,75.2,94,90,8.05,WS,1616211934
ibiruba,-28.6275,-53.0897,65.37,87,69,8.95,BR,1616211935
belmonte,-15.8631,-38.8828,78.8,78,40,6.91,BR,1616211936
port hedland,-20.3167,118.5667,80.6,47,90,25.32,AU,1616211937
khandyga,62.6667,135.6,15.76,91,100,6.55,RU,1616211937
mount isa,-20.7333,139.5,91.4,43,75,5.75,AU,1616211806
tevriz,57.509,72.4042,23.22,91,100,8.57,RU,1616211939
camacha,33.0833,-16.3333,59.0,67,75,13.8,PT,1616211939
karpathos,35.507,27.2132,57.2,88,100,6.91,GR,1616211940
labe,11.3182,-12.2833,65.86,40,19,4.7,GN,1616211941
terrace,54.5163,-128.6035,37.4,70,75,8.05,CA,1616211942
medicine hat,50.0501,-110.6683,46.4,42,20,12.66,CA,1616211942
vancouver,49.2497,-123.1193,50.0,61,90,11.5,CA,1616211716
saint-philippe,-21.3585,55.7679,78.01,73,0,9.22,RE,1616211943
north platte,41.1239,-100.7654,46.4,57,1,8.05,US,1616211944
bedesa,8.9,40.7833,63.07,49,5,1.88,ET,1616211945
karsun,54.1994,46.9827,19.2,96,100,9.66,RU,1616211946
mount gambier,-37.8333,140.7667,82.4,36,0,8.05,AU,1616211946
tabas,33.5959,56.9244,67.41,17,47,9.15,IR,1616211947
manokwari,-0.8667,134.0833,83.01,71,28,4.94,ID,1616211948
adrar,20.5022,-10.0711,66.33,22,0,13.67,MR,1616211949
ladario,-19.0047,-57.6017,72.75,97,100,2.73,BR,1616211730
diapaga,12.0708,1.7889,79.79,52,100,7.23,BF,1616211950
dingzhou,38.5131,114.9956,55.4,38,0,15.66,CN,1616211951
gizycko,54.0381,21.7644,22.48,76,19,7.31,PL,1616211952
verkhnevilyuysk,63.4453,120.3167,20.21,84,96,11.12,RU,1616211952
port blair,11.6667,92.75,86.34,56,85,5.19,IN,1616211953
zyryanka,65.75,150.85,2.26,81,0,12.86,RU,1616211954
port-gentil,-0.7193,8.7815,78.13,79,100,4.72,GA,1616211955
gorontalo,0.5412,123.0595,91.15,57,16,2.26,ID,1616211955
khanpur,28.6453,70.6567,87.49,15,36,8.19,PK,1616211956
college,64.8569,-147.8028,8.6,56,20,1.03,US,1616211957
hilo,19.7297,-155.09,75.2,53,20,6.91,US,1616211919
te anau,-45.4167,167.7167,64.09,56,1,2.28,NZ,1616211958
okakarara,-20.5833,17.4333,62.28,87,56,1.77,NA,1616211959
eseka,3.65,10.7667,72.03,99,100,1.88,CM,1616211959
cayenne,4.9333,-52.3333,79.0,88,75,6.91,GF,1616211960
noumea,-22.2763,166.4572,82.99,65,40,16.11,NC,1616211961
gusau,12.1628,6.6614,78.4,51,84,7.9,NG,1616211961
dongsheng,39.8161,109.9776,33.24,32,0,23.29,CN,1616211962
miramar,25.9873,-80.2323,69.8,63,1,11.5,US,1616211963
sakakah,29.9697,40.2064,53.6,47,0,7.94,SA,1616211964
monki,53.405,22.7979,25.0,77,96,8.93,PL,1616211964
marsh harbour,26.5412,-77.0636,72.55,79,53,11.81,BS,1616211965
milkovo,54.7167,158.6167,30.52,80,80,0.34,RU,1616211966
egvekinot,66.3167,-179.1667,-7.94,77,100,9.22,RU,1616211966
zhangye,38.9342,100.4517,32.88,20,11,7.65,CN,1616211967
jalu,29.0331,21.5482,60.87,28,0,0.98,LY,1616211968
vao,-22.6667,167.4833,75.67,75,100,21.79,NC,1616211969
molina,-35.1167,-71.2833,59.0,67,2,1.52,CL,1616211970
lazaro cardenas,17.9583,-102.2,73.4,78,0,3.13,MX,1616211970
turbat,26.0023,63.044,78.13,43,0,2.8,PK,1616211971
raudeberg,61.9875,5.1352,43.0,95,100,19.01,NO,1616211972
talnakh,69.4865,88.3972,-23.53,81,3,3.69,RU,1616211973
brigantine,39.4101,-74.3646,39.0,55,1,3.44,US,1616211973
tongzi,28.7829,105.0877,56.97,56,94,4.76,CN,1616211974
coahuayana,18.7333,-103.6833,70.23,79,0,2.57,MX,1616211975
cururupu,-1.8283,-44.8683,71.91,97,100,2.64,BR,1616211976
saldanha,-33.0117,17.9442,59.0,88,19,8.05,ZA,1616211977
koumac,-20.5667,164.2833,81.05,64,100,4.38,NC,1616211977
saint anthony,45.0205,-93.218,41.0,60,1,9.22,US,1616211978
asau,46.4333,26.4,30.99,68,100,1.61,RO,1616211979
vila velha,-20.3297,-40.2925,75.2,94,20,3.44,BR,1616211980
anadyr,64.75,177.4833,-5.01,71,0,8.95,RU,1616211980
lasa,46.6166,10.7002,27.0,86,0,4.61,IT,1616211981
fairbanks,64.8378,-147.7164,8.6,66,1,0.87,US,1616211982
agirish,61.9247,63.0231,9.93,93,100,10.0,RU,1616211982
mecca,21.4267,39.8261,74.17,42,0,4.29,SA,1616211721
castro,-24.7911,-50.0119,61.7,97,61,6.67,BR,1616211984
turayf,31.6725,38.6637,46.4,57,0,4.61,SA,1616211984
sioux lookout,50.1001,-91.917,41.0,38,20,6.91,CA,1616211985
goma,-1.6792,29.2228,61.23,86,100,2.71,CD,1616211986
goderich,43.7501,-81.7165,23.0,86,0,1.14,CA,1616211908
bani walid,31.7566,13.9942,55.24,74,0,4.05,LY,1616211987
bud,39.447,-86.1758,36.0,70,0,8.97,US,1616211988
oranjemund,-28.55,16.4333,62.46,86,62,19.66,NA,1616211988
arlit,18.7369,7.3853,75.09,14,65,4.34,NE,1616211989
zunyi,27.6867,106.9072,51.21,89,100,5.28,CN,1616211990
corner brook,48.9667,-57.9484,23.0,86,75,9.22,CA,1616211934
hennebont,47.8051,-3.2734,35.01,93,0,8.05,FR,1616211991
saint-pierre,-21.3393,55.4781,78.01,73,0,9.22,RE,1616211992
omoa,15.7667,-88.0333,77.0,86,23,5.53,HN,1616211992
gryfice,53.9165,15.2003,30.99,86,75,3.44,PL,1616211993
tiarei,-17.5333,-149.3333,82.4,74,75,10.36,PF,1616211994
ardakan,32.31,54.0175,55.4,26,0,4.61,IR,1616211994
diamantino,-14.4086,-56.4461,70.83,97,100,5.91,BR,1616211995
shingu,33.7333,135.9833,68.0,49,75,17.27,JP,1616211996
rawson,-43.3002,-65.1023,66.79,30,31,16.73,AR,1616211996
panjakent,39.4952,67.6093,55.4,88,75,3.2,TJ,1616211997
san policarpo,12.1791,125.5072,83.55,78,93,8.32,PH,1616211998
gamba,-2.65,10.0,74.75,92,90,3.33,GA,1616211999
sao filipe,14.8961,-24.4956,70.57,76,34,4.63,CV,1616211999
derzhavinsk,51.1,66.3167,30.43,89,87,18.54,KZ,1616212000
grand junction,39.0639,-108.5507,59.0,35,1,3.44,US,1616211973
sirur,18.8333,74.3833,85.66,26,6,10.45,IN,1616212002
pitiquito,30.7,-112.0833,72.0,19,0,5.99,MX,1616212002
wamba,8.9333,8.6,73.99,74,80,3.38,NG,1616212003
bandarbeyla,9.4942,50.8122,77.54,71,0,9.64,SO,1616212004
yazykovo,55.2199,56.1353,26.1,96,99,8.1,RU,1616212005
longyearbyen,78.2186,15.6401,23.0,74,75,13.8,SJ,1616212005
cheyenne,41.14,-104.8203,37.99,60,1,10.36,US,1616211900
pendleton,45.6721,-118.7886,50.0,46,75,10.36,US,1616212006
tecoanapa,16.5167,-98.75,76.03,77,0,1.77,MX,1616212007
berlevag,70.8578,29.0864,32.27,84,99,25.34,NO,1616212008
jiuquan,39.7432,98.5174,30.88,24,48,4.41,CN,1616212009
kruisfontein,-34.0033,24.7314,64.0,90,100,4.88,ZA,1616212009
manicore,-5.8092,-61.3003,72.25,94,99,1.92,BR,1616212010
chern,53.4523,36.9145,15.96,93,76,3.69,RU,1616212011
grand forks,47.9417,-97.4337,42.8,56,1,14.97,US,1616212011
mapiri,-15.25,-68.1667,67.03,97,89,0.76,BO,1616212012
loikaw,19.6742,97.2094,91.98,21,5,5.66,MM,1616212013
sechura,-5.5569,-80.8222,77.81,66,100,12.95,PE,1616212013
kagoro,9.6,8.3833,67.78,80,100,2.55,NG,1616212014
margate,51.3813,1.3862,42.01,79,11,4.0,GB,1616212015
pathein,16.7833,94.7333,95.86,22,25,9.78,MM,1616212016
kleive,62.7954,7.6359,44.6,81,90,18.41,NO,1616212016
cabo san lucas,22.8909,-109.9124,71.6,49,1,8.43,MX,1616212017
nalut,30.3333,10.85,60.4,30,0,12.41,LY,1616212018
hammerfest,70.6634,23.6821,32.0,74,75,19.57,NO,1616212019
san juan,-31.5375,-68.5364,65.8,64,67,5.21,AR,1616211756
kovur,14.4833,79.9833,87.17,38,6,8.77,IN,1616212020
caala,-12.8525,15.5606,60.64,96,100,1.1,AO,1616212021
la ronge,55.1001,-105.2842,46.4,53,93,4.61,CA,1616212021
sur,22.5667,59.5289,87.15,31,0,4.94,OM,1616212023
hopewell,37.3043,-77.2872,37.99,56,30,6.78,US,1616212023
iquitos,-3.7481,-73.2472,78.8,89,75,1.14,PE,1616212024
meulaboh,4.1363,96.1285,82.8,78,100,1.59,ID,1616211803
trinidad,-14.8333,-64.9,69.85,97,77,1.01,BO,1616212026
fort nelson,58.8053,-122.7002,23.0,68,90,12.66,CA,1616211908
yilan,24.757,121.753,78.8,73,20,12.66,TW,1616211923
jinxiang,27.4327,120.6062,60.75,91,86,9.26,CN,1616212028
nome,64.5011,-165.4064,1.4,66,1,9.22,US,1616212029
campo grande,-20.4428,-54.6464,73.4,83,75,11.5,BR,1616212029
udachnyy,66.4167,112.4,18.63,86,100,18.05,RU,1616212031
samarai,-10.6167,150.6667,84.65,73,80,9.04,PG,1616212031
santa cruz cabralia,-16.2781,-39.0247,78.8,78,40,6.91,BR,1616212032
rio pardo,-29.9897,-52.3781,67.14,91,100,6.6,BR,1616212033
vanimo,-2.6741,141.3028,84.92,70,43,6.85,PG,1616212033
autun,46.95,4.3,34.0,74,0,11.5,FR,1616212034
namibe,-15.1961,12.1522,72.5,76,86,2.24,AO,1616212035
san cristobal,7.7669,-72.225,66.04,91,100,1.77,VE,1616212036
dawei,14.0833,98.2,92.59,41,32,6.2,MM,1616212036
sept-iles,50.2001,-66.3821,14.0,52,1,9.22,CA,1616211821
kirya,-3.9167,37.4833,70.66,91,92,3.6,TZ,1616212037
port hardy,50.6996,-127.4199,44.6,93,90,5.75,CA,1616212038
kemijarvi,66.7131,27.4306,24.31,93,95,11.65,FI,1616212039
ushtobe,45.2514,77.9838,40.23,44,100,5.41,KZ,1616212040
shishou,29.7226,112.419,52.74,71,81,4.52,CN,1616212040
broome,42.2506,-75.833,27.0,50,1,10.36,US,1616212041
selty,57.3132,52.1345,20.16,93,99,10.65,RU,1616212042
ulaanbaatar,47.9077,106.8832,19.4,42,20,15.66,MN,1616211944
berberati,4.2612,15.7922,66.85,96,89,3.6,CF,1616212043
shenjiamen,29.9576,122.298,53.31,90,76,15.86,CN,1616212044
olafsvik,64.8945,-23.7142,37.47,69,94,20.24,IS,1616212044
tulun,54.5611,100.5792,23.36,81,87,8.08,RU,1616212045
tuatapere,-46.1333,167.6833,59.0,86,75,7.0,NZ,1616212046
hvide sande,56.0045,8.1294,34.0,82,45,1.99,DK,1616212046
palmer,42.1584,-72.3287,28.0,39,1,3.29,US,1616212047
hofn,64.2539,-15.2082,41.18,61,2,14.32,IS,1616212048
aden,12.7794,45.0367,77.74,70,0,13.22,YE,1616211824
opuwo,-18.0607,13.84,68.04,81,100,1.36,NA,1616212049
kawakawa,-35.3833,174.0667,69.01,64,58,7.0,NZ,1616212050
san antero,9.3741,-75.7589,79.0,81,83,6.15,CO,1616212051
alice springs,-23.7,133.8833,78.8,44,75,13.8,AU,1616211859
monrovia,6.3005,-10.7969,75.2,94,40,7.31,LR,1616212052
boa vista,2.8197,-60.6733,78.8,65,0,8.05,BR,1616212053
sterling,39.0062,-77.4286,37.0,48,1,4.61,US,1616211945
pimentel,-6.8367,-79.9342,72.0,85,99,1.99,PE,1616212054
sola,-13.8833,167.55,80.6,100,100,6.91,VU,1616212055
henderson,36.0397,-114.9819,73.4,16,1,11.5,US,1616211841
goulburn,-34.75,149.7167,69.01,91,100,1.99,AU,1616212056
pedra azul,-16.0053,-41.2972,63.77,99,43,2.13,BR,1616212057
athabasca,54.7169,-113.2854,35.6,60,0,5.28,CA,1616211907
moosburg,48.4667,11.9333,28.4,86,75,9.22,DE,1616212058
nadym,65.5333,72.5167,-13.05,93,41,14.92,RU,1616212059
cartagena,10.3997,-75.5144,78.8,83,20,8.05,CO,1616212030
gidam,18.9833,81.4,94.77,23,0,2.1,IN,1616212060
akdepe,42.0551,59.3788,41.0,70,0,6.91,TM,1616212061
braco do norte,-28.275,-49.1656,59.0,96,78,8.99,BR,1616212062
payson,40.0444,-111.7321,57.2,41,1,10.36,US,1616212062
sosua,19.7667,-70.5167,73.4,94,20,11.25,DO,1616212063
whitehorse,60.7161,-135.0538,14.0,85,90,9.22,CA,1616211844
komsomolskiy,40.4272,71.7189,59.0,47,75,2.3,UZ,1616212065
jizan,17.3333,42.6667,77.0,88,20,3.36,SA,1616212066
mapiripan,2.8892,-72.1256,75.94,78,100,4.23,CO,1616212067
los zacatones,22.95,-102.05,49.44,48,12,17.29,MX,1616212067
shihezi,44.3,86.0333,22.3,85,7,4.5,CN,1616212068
quatre cocos,-20.2078,57.7625,78.8,78,75,9.22,MU,1616212069
havoysund,70.9963,24.6622,32.0,74,75,19.57,NO,1616212069
aklavik,68.2191,-135.0107,-9.4,77,10,5.75,CA,1616212070
loding,67.3,14.75,39.0,87,75,18.41,NO,1616212071
pannonhalma,47.5495,17.7554,23.0,100,63,6.91,HU,1616212072
lenger,42.183,69.8839,51.8,100,75,0.76,KZ,1616211905
nouadhibou,20.931,-17.0347,62.6,72,0,24.16,MR,1616212073
camargo,27.6667,-105.1667,61.34,27,0,10.22,MX,1616212074
zapolyarnyy,69.4154,30.8136,24.8,86,75,10.36,RU,1616212074
akyab,20.15,92.9,81.28,47,99,2.75,MM,1616211825
klaksvik,62.2266,-6.589,44.6,100,90,20.71,FO,1616212076
tonstad,58.6626,6.7169,37.0,96,87,5.41,NO,1616212076
foumban,5.7291,10.9001,65.77,92,100,1.19,CM,1616212077
santa maria,-29.6842,-53.8069,68.0,94,0,9.22,BR,1616211979
olinda,-8.0089,-34.8553,78.8,69,40,6.91,BR,1616211893
beian,63.6559,9.5683,42.8,93,75,27.63,NO,1616212079
chirilagua,13.2203,-88.1386,77.72,70,57,1.19,SV,1616212080
nelson bay,-32.7167,152.15,70.0,94,75,10.36,AU,1616212081
tezu,27.9167,96.1667,91.89,16,22,4.5,IN,1616212081
ak-dovurak,51.1833,90.6,17.13,75,1,2.68,RU,1616212082
aktau,43.65,51.2,44.6,81,40,11.18,KZ,1616212083
columbus,39.9612,-82.9988,35.6,60,1,8.05,US,1616212045
borba,-4.3878,-59.5939,73.27,96,99,2.42,BR,1616212084
camopi,3.1655,-52.3158,70.43,99,99,1.57,GF,1616212085
blumenau,-26.9194,-49.0661,72.0,93,92,1.12,BR,1616211837
naze,28.3667,129.4833,71.6,94,75,13.8,JP,1616212086
kuito,-12.3833,16.9333,59.79,90,98,1.81,AO,1616212087
chalmette,29.9427,-89.9634,55.99,62,90,6.91,US,1616212088
comodoro rivadavia,-45.8667,-67.5,60.8,41,0,21.85,AR,1616211901
avera,33.194,-82.5271,50.0,62,90,12.66,US,1616212089
jeremoabo,-10.075,-38.4808,70.23,96,27,6.62,BR,1616212090
laguna,38.421,-121.4238,53.6,54,90,8.05,US,1616212090
sarakhs,36.5449,61.1577,51.8,87,100,2.3,IR,1616212091
vagur,61.4732,-6.8119,45.09,84,100,26.96,FO,1616212092
inuvik,68.3499,-133.7218,-9.4,77,43,5.75,CA,1616212093
annau,37.8876,58.516,50.0,81,40,2.3,TM,1616212093
damghan,36.1683,54.348,49.48,55,0,8.43,IR,1616212094
xuddur,4.1213,43.8894,74.25,81,34,18.43,SO,1616212095
nefteyugansk,61.0998,72.6035,24.8,86,0,13.42,RU,1616212095
barra da estiva,-13.6261,-41.3269,62.01,96,49,2.53,BR,1616212096
laukaa,58.7372,29.8453,13.78,94,0,3.96,RU,1616212097
challans,46.8436,-1.8749,37.0,87,0,6.91,FR,1616212098
enshi,30.3,109.4833,50.11,90,100,2.04,CN,1616212099
kudahuvadhoo,2.6708,72.8944,82.96,71,88,6.44,MV,1616212100
meiganga,6.5167,14.3,65.91,91,100,5.97,CM,1616212101
santiago de cao,-7.9589,-79.2392,71.6,83,70,8.05,PE,1616212102
ancud,-41.8697,-73.8203,53.01,87,75,4.61,CL,1616211855
pangnirtung,66.1451,-65.7125,-15.72,85,90,1.19,CA,1616212103
bambanglipuro,-7.95,110.2833,84.72,70,90,7.94,ID,1616212104
mananjary,-21.2167,48.3333,74.32,92,81,4.74,MG,1616212090
bonavista,48.6499,-53.1147,30.99,100,100,8.05,CA,1616212105
la huacana,18.9667,-101.8167,73.18,46,4,2.53,MX,1616212106
srednekolymsk,67.45,153.6833,-0.99,75,0,2.82,RU,1616212107
nhulunbuy,-12.2333,136.7667,84.2,74,40,8.05,AU,1616212107
paka,4.6374,103.4368,84.2,79,40,1.14,MY,1616212108
astana,51.1801,71.446,32.0,86,75,15.66,KZ,1616211956
birnin kebbi,12.4539,4.1975,79.75,50,100,5.28,NG,1616212109
ouadda,8.0777,22.4007,71.08,69,72,1.83,CF,1616212110
ajuchitlan,20.7167,-100.0167,59.0,41,40,11.5,MX,1616212111
okha,53.5739,142.9478,22.3,74,1,8.81,RU,1616212111
eregli,37.5133,34.0467,38.55,64,68,0.85,TR,1616212112
alpine,32.835,-116.7664,61.0,77,1,6.91,US,1616212113
sapa,5.1544,120.3241,85.05,69,74,6.69,PH,1616212113
grindavik,63.8424,-22.4338,37.4,70,90,21.85,IS,1616212114
riverton,40.5219,-111.9391,61.0,41,1,14.97,US,1616212115
santhia,45.3663,8.1726,36.0,65,13,3.67,IT,1616212116
garzon,2.1959,-75.6278,70.25,92,100,0.56,CO,1616212116
axim,4.8699,-2.2405,77.45,83,100,3.24,GH,1616212117
nantucket,41.2835,-70.0995,33.01,55,0,17.54,US,1616212118
richards bay,-28.783,32.0377,70.14,93,5,4.0,ZA,1616212118
bolshaya dzhalga,45.9695,42.6966,39.72,88,99,11.03,RU,1616212119
malinovoye ozero,51.6753,79.7825,31.93,56,59,21.83,RU,1616212120
alofi,-19.0595,-169.9187,80.6,83,98,9.22,NU,1616212120
kenai,60.5544,-151.2583,24.8,48,1,10.36,US,1616212054
maragogi,-9.0122,-35.2225,77.2,80,3,4.21,BR,1616212122
vardo,70.3705,31.1107,33.82,81,100,19.1,NO,1616212122
acari,-15.4311,-74.6158,70.36,84,55,3.02,PE,1616212123
cabedelo,-6.9811,-34.8339,75.2,94,20,2.3,BR,1616212124
tocancipa,4.9653,-73.913,55.4,88,40,4.61,CO,1616212124
lalsk,60.7415,47.5862,10.33,96,86,5.48,RU,1616212125
katherine,-14.4667,132.2667,89.6,58,75,8.05,AU,1616212126
landeck,47.1301,10.5636,26.01,86,0,4.61,AT,1616212127
tiznit,29.5833,-9.5,49.08,82,18,9.26,MA,1616212127
kouango,4.9934,19.9619,73.15,90,68,2.19,CF,1616212128
volodarskiy,46.4013,48.5409,33.8,93,40,8.95,RU,1616212129
garissa,-0.4536,39.6401,78.58,73,97,8.34,KE,1616212129
krasnoselkup,65.7,82.4667,-17.9,82,0,9.62,RU,1616212130
karema,-6.8205,30.4389,69.53,86,77,7.16,TZ,1616212131
mackay,-21.15,149.2,86.0,70,40,18.41,AU,1616212132
chuy,-33.6971,-53.4616,63.43,83,18,8.57,UY,1616212133
vilyuysk,63.7553,121.6247,19.0,86,97,10.2,RU,1616212133
roma,43.2128,-75.4557,26.6,50,1,5.75,US,1616211985
poletayevo,55.0336,61.1138,24.8,100,90,2.24,RU,1616212135
ostra,43.6139,13.1582,36.0,86,75,4.61,IT,1616212135
siemiatycze,52.4272,22.8623,26.01,83,49,3.0,PL,1616212136
puerto del rosario,28.5004,-13.8627,64.4,59,75,16.11,ES,1616212137
san andres,12.5847,-81.7006,78.8,83,40,13.8,CO,1616212138
diffa,13.3154,12.6113,79.74,39,52,3.18,NE,1616212138
aswan,24.0934,32.907,68.09,29,0,7.4,EG,1616212139
mahibadhoo,3.7833,72.9667,82.42,70,95,7.94,MV,1616212140
oktyabrskoye,43.0645,44.7417,35.6,87,92,8.95,RU,1616212140
high level,58.5169,-117.136,35.6,87,75,9.22,CA,1616212141
sosva,59.1766,61.8558,23.95,95,100,7.7,RU,1616212142
muisne,0.6,-80.0333,77.41,87,100,5.03,EC,1616212143
soyaux,45.65,0.2,33.01,74,0,6.91,FR,1616212144
port hawkesbury,45.6169,-61.3485,19.99,73,90,16.11,CA,1616212145
butembo,0.15,29.2833,57.18,92,77,3.24,CD,1616212145
bouca,6.5105,18.2733,71.13,85,97,2.93,CF,1616212146
taunggyi,20.7833,97.0333,83.95,20,25,7.72,MM,1616212147
launceston,-41.45,147.1667,71.6,43,75,6.91,AU,1616212148
morgantown,39.6295,-79.9559,37.4,35,1,3.51,US,1616212148
orastie,45.8333,23.2,25.0,86,0,2.04,RO,1616212149
mangrol,21.1167,70.1167,78.13,60,0,5.79,IN,1616212150
kloulklubed,7.0419,134.2556,86.0,74,75,8.05,PW,1616212151
abu dhabi,24.4667,54.3667,73.4,94,0,2.3,AE,1616212110
gushikawa,26.3544,127.8686,78.8,69,20,13.8,JP,1616212152
gat,31.61,34.7642,53.01,85,20,3.74,IL,1616212153
gaoua,10.2992,-3.2508,79.14,65,99,12.75,BF,1616212154
tura,25.5198,90.2201,88.16,18,11,5.08,IN,1616212154
atherton,53.5237,-2.4935,48.0,76,80,2.06,GB,1616212156
matai,-8.3,31.5167,60.8,88,20,3.62,TZ,1616212156
padang,-0.9492,100.3543,82.4,78,40,3.44,ID,1616212157
sholapur,17.6833,75.9167,87.67,21,43,5.7,IN,1616212158
puerto quijarro,-17.7833,-57.7667,73.51,97,100,3.15,BO,1616212158
mpika,-11.8343,31.4529,60.76,96,100,3.51,ZM,1616212159
digha,21.6833,87.55,89.91,35,95,7.49,IN,1616212160
parrita,9.5201,-84.3225,71.6,73,75,11.5,CR,1616212161
mayor pablo lagerenza,-19.9309,-60.7718,73.78,81,78,4.29,PY,1616212162
chum phae,16.5443,102.0992,100.99,28,3,4.38,TH,1616212162
borogontsy,62.6683,131.1683,21.94,93,100,0.36,RU,1616212163
pouebo,-20.4,164.5667,78.82,71,100,13.67,NC,1616212164
elbeuf,49.2867,1.0029,37.99,93,0,8.05,FR,1616212164
quito,-0.2299,-78.5249,55.4,94,75,3.44,EC,1616212022
vila,42.0304,-8.1588,39.0,76,6,8.99,PT,1616212166
kristiinankaupunki,62.2743,21.376,31.15,97,100,14.05,FI,1616212167
sarkand,45.41,79.9186,45.52,63,46,5.19,KZ,1616212168
lubango,-14.9172,13.4925,59.86,90,100,1.3,AO,1616212095
veinticinco de mayo,-35.4323,-60.1727,64.99,74,100,5.99,AR,1616212170
ariquemes,-9.9133,-63.0408,72.12,99,100,3.65,BR,1616212171
yulara,-25.2406,130.9889,78.8,36,75,11.5,AU,1616212172
aykhal,66.0,111.5,18.21,92,100,25.88,RU,1616212173
chase,50.8165,-119.6857,44.6,65,77,2.3,CA,1616212174
gatton,-27.55,152.2833,84.2,58,75,11.5,AU,1616212174
torata,-17.0769,-70.8433,56.01,77,95,1.52,PE,1616212175
tommot,58.9564,126.2925,24.46,78,100,8.86,RU,1616212176
albacete,38.8333,-2.0,32.0,100,20,2.3,ES,1616212176
el tigre,8.8875,-64.2454,75.34,69,92,15.55,VE,1616212177
tilichiki,60.4667,166.1,-2.9,89,70,9.42,RU,1616212178
burns lake,54.2331,-125.7533,39.2,56,99,8.05,CA,1616212179
lieksa,63.3167,30.0167,15.17,90,99,15.79,FI,1616212179
abalak,58.1286,68.5944,24.62,96,100,6.98,RU,1616212180
marsabit,2.3284,37.9899,65.01,82,73,15.88,KE,1616212181
ray,23.6833,85.05,89.4,21,5,8.97,IN,1616212181
phalombe,-15.8064,35.6507,66.99,97,100,2.15,MW,1616212182
farafangana,-22.8167,47.8333,76.1,87,93,2.82,MG,1616212147
thaton,16.9206,97.3714,96.39,37,11,6.13,MM,1616212183
jinchang,38.4953,102.1739,33.21,22,48,17.65,CN,1616212184
rosa zarate,0.3333,-79.4667,73.18,96,100,0.49,EC,1616212185
los llanos de aridane,28.6585,-17.9182,62.6,59,90,10.36,ES,1616212185
tandil,-37.3217,-59.1332,61.0,85,93,1.99,AR,1616212186
glebychevo,60.4387,28.7183,17.76,83,62,9.44,RU,1616212187
labuhan,-6.8844,112.2051,86.68,62,11,5.77,ID,1616212187
garoua,9.3,13.4,80.82,51,87,2.86,CM,1616212188
matagami,49.7502,-77.6328,35.6,51,1,6.91,CA,1616212189
botou,38.0667,116.5667,56.66,37,47,10.69,CN,1616212190
sorland,67.667,12.6934,40.66,78,100,17.76,NO,1616212190
tooele,40.5308,-112.2983,60.8,33,1,18.41,US,1616212191
staryy nadym,65.6118,72.6842,-13.22,93,17,14.54,RU,1616212192
rafaela,-31.2503,-61.4867,64.99,62,74,3.0,AR,1616212192
choctaw,35.4976,-97.2689,50.0,53,1,6.91,US,1616212193
fortuna,40.5982,-124.1573,46.99,93,75,3.44,US,1616212100
xiongyue,40.1774,122.1228,39.06,82,85,7.94,CN,1616212195
poum,-20.2333,164.0167,79.99,71,100,19.86,NC,1616212196
alekseyevsk,57.8406,108.3492,20.89,91,100,18.07,RU,1616212196
rafai,4.95,23.9167,69.49,93,94,2.04,CF,1616212197
altay,47.8667,88.1167,28.17,49,0,1.97,CN,1616212198
tuy hoa,13.0833,109.3,84.72,68,13,5.48,VN,1616212198
yagoua,10.3411,15.2329,79.75,50,1,7.09,CM,1616212199
ketchikan,55.3422,-131.6461,32.0,80,90,3.44,US,1616212034
arica,-18.475,-70.3042,71.6,64,0,5.75,CL,1616211947
omsukchan,62.5333,155.8,-3.3,80,7,4.05,RU,1616212201
sundargarh,22.1167,84.0333,87.71,21,68,4.54,IN,1616212202
kununurra,-15.7667,128.7333,86.0,70,75,6.91,AU,1616212202
trelew,-43.249,-65.3051,67.1,23,48,17.18,AR,1616212203
grand gaube,-20.0064,57.6608,78.01,84,13,5.01,MU,1616212204
bitung,1.4451,125.1824,87.8,62,40,6.91,ID,1616212204
dukat,62.55,155.55,-5.91,82,0,3.78,RU,1616212205
warrnambool,-38.3833,142.4833,78.01,58,8,3.0,AU,1616212206
torrijos,39.9819,-4.2835,41.0,52,20,8.05,ES,1616212207
russell,32.3502,-85.1999,55.4,76,90,4.61,US,1616211908
moen,69.1304,18.6123,35.6,75,90,17.27,NO,1616212208
lagoa,39.05,-27.9833,58.77,86,100,18.05,PT,1616212209
banyo,6.75,11.8167,67.48,84,100,0.96,CM,1616212209
saint-gabriel,46.3001,-73.3824,30.99,51,47,21.85,CA,1616212210
dickinson,29.4608,-95.0513,55.0,62,1,11.5,US,1616212200
balabac,7.9868,117.0645,85.86,67,41,6.22,PH,1616212211
lakatoro,-16.0999,167.4164,80.38,80,100,10.25,VU,1616212212
thinadhoo,0.5333,72.9333,82.4,70,100,2.71,MV,1616212213
rizhao,35.4275,119.4553,51.06,58,89,9.44,CN,1616212214
limbang,4.75,115.0,87.8,79,75,8.05,MY,1616212215
uttaradit,17.6667,100.5,89.6,55,3,10.36,TH,1616212215
itarema,-2.9248,-39.9167,76.35,88,0,6.08,BR,1616212216
ambilobe,-13.2,49.05,74.95,90,30,2.33,MG,1616212217
mabai,23.0128,104.4508,68.92,71,100,5.84,CN,1616212217
opunake,-39.4556,173.8583,64.99,54,0,13.0,NZ,1616212218
chernyshevskiy,63.0128,112.4714,18.57,91,100,15.97,RU,1616212219
danesti,46.5167,25.75,30.99,69,100,1.79,RO,1616212219
mozarlandia,-14.7447,-50.5706,71.4,92,100,1.81,BR,1616212220
rehoboth,-23.3167,17.0833,68.83,61,95,3.69,NA,1616212221
paragominas,-2.9667,-47.4833,71.28,98,100,3.51,BR,1616212108
zhovtneve,50.6637,24.2492,27.81,74,0,4.47,UA,1616212222
maumere,-8.6199,122.2111,86.4,68,87,13.56,ID,1616212223
necochea,-38.5473,-58.7368,63.1,63,100,11.45,AR,1616212223
kamaishi,39.2667,141.8833,51.8,46,75,9.22,JP,1616212225
garmsar,35.2182,52.3409,53.65,41,0,10.76,IR,1616212226
akcakoca,41.0866,31.1162,43.36,91,100,4.92,TR,1616212227
sulangan,11.1373,123.7228,83.07,71,58,7.54,PH,1616212227
riachao das neves,-11.7461,-44.91,68.5,93,99,2.89,BR,1616212228
ilhabela,-23.7781,-45.3581,75.29,88,14,3.47,BR,1616212229
taos,36.4072,-105.5731,44.6,26,1,9.22,US,1616212229
katobu,-4.9408,122.5276,87.87,64,37,4.92,ID,1616212230
ca mau,9.1769,105.15,87.96,56,99,6.4,VN,1616212199
teignmouth,50.5477,-3.4964,45.0,90,63,6.02,GB,1616212231
crestview,30.7621,-86.5705,53.6,71,90,6.91,US,1616212055
constitucion,-35.3333,-72.4167,53.73,87,25,7.85,CL,1616212233
visby,57.6409,18.296,28.0,74,90,9.22,SE,1616212233
isangel,-19.55,169.2667,84.2,70,75,5.75,VU,1616212234
harper,4.375,-7.7169,78.21,83,75,3.98,LR,1616212235
de aar,-30.6497,24.0123,66.52,44,72,1.86,ZA,1616212236
djambala,-2.5447,14.7533,66.42,95,100,4.36,CG,1616212237
bar harbor,44.3876,-68.2039,28.99,43,1,3.44,US,1616211980
barstow,34.8986,-117.0228,69.8,32,1,18.41,US,1616212238
hoganas,56.1997,12.558,35.01,51,90,8.05,SE,1616212239
mangan,27.5167,88.5333,78.3,29,55,4.32,IN,1616212240
ippy,6.2679,21.2247,72.43,85,60,1.92,CF,1616212241
ballina,-28.8667,153.5667,78.8,78,90,9.22,AU,1616212241
agropoli,40.3469,14.9966,42.01,90,100,11.01,IT,1616212242
kuala terengganu,5.3302,103.1408,87.8,66,40,5.75,MY,1616212243
fuxin,42.0156,121.6589,45.5,49,41,8.16,CN,1616212243
flic en flac,-20.2742,57.3631,78.8,78,75,9.22,MU,1616212244
dillon,34.4166,-79.3712,44.01,65,90,12.66,US,1616212018
kjopsvik,68.097,16.3742,39.99,87,90,12.66,NO,1616212245
sibolga,1.7427,98.7792,82.72,81,80,3.67,ID,1616212041
bereda,43.2686,-7.5406,42.01,79,9,10.0,ES,1616212246
sabang,5.8933,95.3214,84.13,67,100,8.7,ID,1616212247
alugan,12.2188,125.4808,83.34,79,97,8.1,PH,1616212248
marzuq,14.4,46.4667,67.53,19,0,2.55,YE,1616212249
segezha,63.7415,34.3222,11.52,86,100,12.12,RU,1616212167
yarada,17.65,83.2667,85.35,41,48,5.88,IN,1616212250
skerries,53.5828,-6.1083,46.0,93,75,3.44,IE,1616212250
taksimo,56.3444,114.8794,21.16,69,45,0.29,RU,1616212251
ponta delgada,37.7333,-25.6667,55.4,82,20,5.75,PT,1616212252
itzehoe,53.921,9.5153,30.99,88,36,6.6,DE,1616212253
byron bay,-28.65,153.6167,77.0,78,90,9.22,AU,1616212254
glendive,47.1053,-104.7125,55.4,28,1,8.05,US,1616212255
mucurapo,10.6667,-61.5333,75.99,78,20,8.79,TT,1616212255
dothan,31.2232,-85.3905,52.0,76,1,8.05,US,1616212244
rio grande,-32.035,-52.0986,69.98,81,0,14.12,BR,1616212256
asfi,32.2994,-9.2372,54.55,72,24,2.53,MA,1616212257
klyuchi,52.2667,79.1667,29.82,59,62,24.52,RU,1616212258
beihai,21.4833,109.1,77.49,76,90,6.73,CN,1616212259
santiago del estero,-27.7951,-64.2615,72.07,55,100,7.23,AR,1616212083
talavera,15.6167,120.9333,87.8,66,75,5.75,PH,1616212260
kaplice,48.7385,14.4963,26.01,86,100,4.0,CZ,1616212260
lucapa,-8.4192,20.7447,64.99,95,100,2.55,AO,1616212261
cairns,-16.9167,145.7667,90.0,55,86,9.22,AU,1616212057
marienburg,54.0359,19.0266,25.0,100,70,1.54,PL,1616212262
elmhurst,41.8995,-87.9403,37.0,60,1,3.44,US,1616212264
kulhudhuffushi,6.6221,73.07,83.28,69,77,8.97,MV,1616212265
ciudad bolivar,8.1222,-63.5497,78.03,68,100,14.56,VE,1616212266
santiago,-33.4569,-70.6483,59.0,58,75,6.91,CL,1616212267
karcag,47.3167,20.9333,26.6,80,25,3.44,HU,1616212267
makakilo city,21.3469,-158.0858,78.8,47,1,9.22,US,1616212268
cap malheureux,-19.9842,57.6142,78.01,84,10,5.01,MU,1616212269
henties bay,-22.116,14.2845,61.0,92,21,3.0,NA,1616212269
auriflama,-20.6856,-50.5547,71.44,77,80,6.69,BR,1616212270
tessalit,20.1986,1.0114,62.58,12,0,2.06,ML,1616212271
nova olimpia,-14.7972,-57.2881,70.3,95,93,3.83,BR,1616212133
